size_category,min_area_px2,max_area_px2,mAP50
tiny,0,256,0.0011605130002621574
small,256,1024,0.2772663524463959
normal,1024,4096,0.6821353077431632
large,4096,,0.2828276421181486
