size_category,min_area_px2,max_area_px2,mAP50
tiny,0,256,0.0014563165705792072
small,256,1024,0.28190798323933275
normal,1024,4096,0.6789690243629124
large,4096,,0.27013909531900454
