size_category,min_area_px2,max_area_px2,mAP50
tiny,0,256,0.009027313812821796
small,256,1024,0.5784658510555953
normal,1024,4096,0.719353168673774
large,4096,,0.4606276118503244
