size_category,min_area_px2,max_area_px2,mAP50
tiny,0,256,0.0011377355942037621
small,256,1024,0.27517688476369084
normal,1024,4096,0.6802758892650054
large,4096,,0.2756700455205626
