size_category,min_area_px2,max_area_px2,mAP50
tiny,0,256,0.0003827587121810239
small,256,1024,0.06699297720136885
normal,1024,4096,0.08778796585306321
large,4096,,0
